,No. of transcripts in lincrna,No. of transcripts in lncrna,Overlap Length,No. ENS lincrna Exons which overlap RefSeq exons,Max ORF length(ENS),Max No. of amino acids(ENS),GC % of trans row having Max ORF(ENS),Max ORF length(REF),Max No. of amino acids(REF),GC % of trans row having Max ORF(REF),HGNC ID refseq lncrna?(corrected),HGNC ID ensembl lincrna?(corrected),Inflated overlap 1kb ens(linc)-ens(protein_coding),is ref LOC ?,Inflated overlap 1kb ref(lnc)-ref(protein_coding),Inflated overlap 0.5kb ens(linc)-ens(linc),Inflated overlap 0.5kb ref(lnc)-ref(lnc),Max exon count,Max exon length,Seq Alignment Score,ens(linc)-ens(protein-coding) overlap ?,ref(lnc)-ref(protein-coding) overlap ?,ens(linc)-ens(other) overlap ?,ref(lnc)-ref(other) overlap ?,output,Chr region,ENS lincRNA gene ID,ENS-Ref Overlap ?,Ens ID for seq alignment score,HGNC ID ensembl lincrna?,HGNC ID refseq lncrna?,Max ORF Sequence(ENS),Max ORF Sequence(REF),Max Transcript Index for ORF(ENS),Max Transcript Index for ORF(REF),Ref ID for seq alignment score,Ref lncRNA gene ID,same_opp_overlap,True Output,Predicted Output
0,1,1,13947.0,2.0,57.0,19,44.74,48,16,45.05,1,1,1,1,1,1,1,2,187,190.0,1,1,1,1,1,1,ENSG00000229291,Yes,ENST00000443207,0.0,0.0,ATGCTCGGGCCTTCCCATCGTCCCACTCAAGAGCTTTCTTCATATTGGTCCCTTGGTTGA,ATGCTGATCGTTGTTGTGGCTGGCCGAATTCTAAAGATTTCAAGATTCTAA,389.0,836.0,rna-XR_949297.2,gene-LOC105373212,1.0,1.0,0.0
1,1,1,37288.0,4.0,96.0,32,47.31,96,32,47.31,1,1,1,1,1,1,0,4,2287,2287.0,1,1,1,0,0,10,ENSG00000236990,Yes,ENST00000455199,0.0,0.0,ATGTCGGTGTGCTCTCATGAACAGAAACGATGGCACGGTGGGTCCTGGTCTCAAGACTTCCTCTCAATGATTCAGAGGTCTTGGGGGTTTTTTGTCTGA,ATGTCGGTGTGCTCTCATGAACAGAAACGATGGCACGGTGGGTCCTGGTCTCAAGACTTCCTCTCAATGATTCAGAGGTCTTGGGGGTTTTTTGTCTGA,6961.0,14765.0,rna-NR_120632.1,gene-LOC101927964,1.0,0.0,1.0
2,5,12,453692.0,28.0,39.0,13,46.27,42,14,41.84,1,1,1,1,1,0,1,12,2430,2753.0,1,1,0,1,1,11,ENSG00000255666,Yes,ENST00000648581,0.0,0.0,ATGAAGAAACTGAGGTCCAGAGAAGTTAAACGACCTTCCTAA,ATGCTAGAGGTTCTAGCCAATAAAGCAATGGAGATACAGCAATAA,7390.0,15116.0,rna-XR_947916.2,gene-LOC105369436,1.0,1.0,0.0
3,1,2,183489.0,2.0,45.0,15,46.52,195,65,41.67,1,1,1,1,1,1,0,3,163,457.0,1,1,1,1,1,11,ENSG00000256717,Yes,ENST00000539305,0.0,0.0,ATGCCTCAACTCCTTGGGATTCTTTCTCGGATGAGGTGGTGCATATGA,ATGTTGCCCTATTCAACAATTTCCACAAAACCACTAACGACAGCTATTTTGTATGACATATTTTACTTAAGTGATATAAGGAAAGGCAGAGGGGTAGCACACAGCAAAGAACTTAAAACAAATACTAGCTTGGTCTTAAAAGTCCTTTGGATATTCCCATCACCATCAACTTCTCTAACTTTTGCCTCTTCTGGGTAA,7622.0,15560.0,rna-XR_001748394.2,gene-LOC105369512,1.0,1.0,0.0
4,1,1,2168.0,3.0,303.0,101,48.89,303,101,51.68,1,1,1,1,1,1,1,3,1372,1372.0,1,1,1,1,0,10,ENSG00000272692,Yes,ENST00000609200,0.0,0.0,ATGAATTATGTCCTCGCCCACAGCGACTCTCTGAGATCTGGGGCATGCCAACTCCTTACTCTGGGGGAGTATTGGAGGGAGAATTCTACTTTTCTGATGGGGGAGTACCAGCCTGTTAACCACAACCATTTGCAGCTGAAGCCAGTGCAGAGCAGGAGGGAGATCTGCACAGAGGAGAACAGTATAAATGGCATGGGGTCATCTCAGCCCCTGGCCAGCTCCCAGCCTAATGGGAAAACCGGACCATTGAGCATTCCTTGCTGTTTCCCTGTAGTCCCAGCCCAAGCCAGCATGCTCTTTTTTTAA,ATGAATTATGTCCTCGCCCACAGCGACTCTCTGAGATCTGGGGCATGCCAACTCCTTACTCTGGGGGAGTATTGGAGGGAGAATTCTACTTTTCTGATGGGGGAGTACCAGCCTGTTAACCACAACCATTTGCAGCTGAAGCCAGTGCAGAGCAGGAGGGAGATCTGCACAGAGGAGAACAGTATAAATGGCATGGGGTCATCTCAGCCCCTGGCCAGCTCCCAGCCTAATGGGAAAACCGGACCATTGAGCATTCCTTGCTGTTTCCCTGTAGTCCCAGCCCAAGCCAGCATGCTCTTTTTTTAA,7155.0,14171.0,rna-NR_110304.1,gene-LOC101929234,1.0,0.0,1.0
5,2,2,19398.0,3.0,45.0,15,43.17,60,20,42.37,1,1,1,1,1,1,1,4,1792,2606.0,1,1,1,1,0,1,ENSG00000283445,Yes,ENST00000636386,0.0,0.0,ATGATTTCCCTTCAGGTTGTGCAAGCAGGAAAGTTTAAAATCACATAA,ATGGGAAACAAAAACATGACTTCTCACAGTAGATCCTTAATTGGTGATCGAAAATTGGTTTAA,661.0,2192.0,rna-XR_001738080.2,gene-LOC105378751,1.0,0.0,1.0
6,3,1,9556.0,0.0,81.0,27,45.12,27,9,49.49,1,1,1,1,1,1,1,0,0,0.0,1,1,1,1,1,11,ENSG00000254968,Yes,ENST00000532274,0.0,0.0,ATGAAAATATGGCAGGCTAACTTGTTACCTTGTAAGTATTATAAAATATCAGGCTCTTCACAGTTCTTGAGAGGCACAAAGTAG,ATGCCTTTGTCTCTCCCACAGGACTCCTGA,7807.0,15552.0,rna-NR_110137.1,gene-LOC107984389,1.0,1.0,0.0
7,1,1,927.0,2.0,30.0,10,61.02,30,10,59.55,1,1,1,0,1,1,1,2,649,649.0,1,1,1,1,1,11,ENSG00000205106,Yes,ENST00000378779,0.0,0.0,ATGGGGGGACCCACCCTTCCATTTAATAACTGA,ATGGGGGGACCCACCCTTCCATTTAATAACTGA,7670.0,16215.0,rna-NR_027134.1,gene-DKFZp779M0652,1.0,1.0,0.0
8,1,1,7195.0,4.0,126.0,42,52.49,21,7,41.94,1,1,1,1,1,1,1,5,335,503.0,1,1,1,1,0,11,ENSG00000255250,Yes,ENST00000532979,0.0,0.0,ATGCAACACTGGACAAGATGCTATGTGTGGAGCTCTGCACTGGAAGCTGCAGATACAGCCATGAGTGGAGGATCGGGGTCTGGGTCTGTAAGCACTAAGAGCCTGAGCAGTGGGCCAGTGCTCCAATGA,ATGACAAATCATCCCAAAACTTAG,7655.0,15155.0,rna-XR_950387.3,gene-LOC102724775,1.0,0.0,1.0
9,6,1,9330.0,6.0,90.0,30,48.66,24,8,44.25,1,1,1,1,1,1,1,6,683,696.0,1,1,1,1,0,11,ENSG00000255087,Yes,ENST00000647195,0.0,0.0,ATGGTGAGCCCATGCAAGAAGACCCTCCGACAGGTGCCTGTCACCCCTGAGGAGTCACTGGTTGCAGCCCGTTCTGAAGTGTCATTGAGATAG,ATGCCAGCTTCCGGCTGCTGCTTTTAG,7539.0,15464.0,rna-XR_001748079.1,gene-LOC105369562,1.0,0.0,1.0
10,3,1,26523.0,6.0,525.0,175,44.06,42,14,45.13,1,1,0,1,1,1,1,3,749,720.0,1,1,1,1,0,10,ENSG00000235140,Yes,ENST00000644636,0.0,0.0,ATGGGAGATAGGCTGGGACAGAGAAGGAAAGCCAGGAAGAAGAGACAGCATGAGCAAAAGCATGAAGATCAGAATTCAAAGAGGATGCTGCTAAGAGTCTCACTCTGTTGCCAGACTGGAGTGAAGTGGCACAACCTCCGCCTTCTGGGTTCAAGCGATTCTCCTGCCTCAGCCTCCCGAGTAGCTGGGACTACAGGTAAATGTGCATTTCTTGACATCTTGGATCTCCATTCTGCGTCAGGGGACCCCCAGCTCACTTGTCAGATGAGGAACGGATTGAAGGTCTCACATAACCCTTACAACAGGCCTCGGGAAGGAGGCCAGTGGAAGAAGAGCTGTTCACCAGCGAGGACCGCCCCTTGTCCGTTTGAAAGGAGAAGGCACTGGATTACTCTGTGCCCTGGGGGAGACCTAATGTGTCAGCAAACCACAGACTCAAGTGGCTGCCTTGGGGGCTGCTTTGCTGAGAATAATAGCTGTCAATCAATTATGTGCAAGAAGGACACCGCTGTGATCACCTACTGTTGA,ATGGTGATCTTCACATGTTCCATGATGGGCACAAACATCGCCTGA,7059.0,14940.0,rna-XR_945990.2,gene-LOC105378318,1.0,0.0,1.0
11,3,1,19436.0,5.0,108.0,36,29.64,30,10,48.36,1,1,1,1,1,0,0,4,1373,1373.0,1,1,0,0,0,1,ENSG00000228044,Yes,ENST00000417805,0.0,0.0,ATGGCATTTGAGCAGAGACCTGAGGAAGTGAAAGATGGAGGGCTGAAGCTTCCAGTTAGAGGAACAAGCAAAGACCCCGAGCAGGATCAGGAAAGTGTGGTAGAGACATAA,ATGTTATACTTCACAGTAAGGGCTAGTTTCTAA,202.0,785.0,rna-NR_125944.1,gene-LOC101927787,1.0,0.0,1.0
12,3,1,15453.0,7.0,24.0,8,50.69,24,8,50.0,1,1,1,1,1,1,1,4,933,934.0,1,1,0,1,0,11,ENSG00000255314,Yes,ENST00000635144,0.0,0.0,ATGTGTTTGCTTCTCCTTCCACCATGA,ATGTGTTTGCTTCTCCTTCCACCATGA,7671.0,16213.0,rna-NR_120565.1,gene-LOC101928894,1.0,0.0,1.0
13,3,2,26980.0,3.0,108.0,36,29.64,63,21,42.4,1,1,1,1,1,0,0,3,600,631.0,1,1,0,1,0,1,ENSG00000228044,Yes,ENST00000453568,0.0,0.0,ATGGCATTTGAGCAGAGACCTGAGGAAGTGAAAGATGGAGGGCTGAAGCTTCCAGTTAGAGGAACAAGCAAAGACCCCGAGCAGGATCAGGAAAGTGTGGTAGAGACATAA,ATGAGTCTACCCCACATATATTATTGTCCTTACATGTTCTCTCCCTTTTTGTTCTCTCCCTTCTAA,202.0,783.0,rna-XR_949289.2,gene-LOC105373209,1.0,0.0,1.0
